source_department_name,normalized_department_name
"Allgemeine Chirurgie","Allgemeine Chirurgie"
"Allgemeine Chirurgie/Intensivmedizin (§ 13 Abs. 2 Satz 3 2. Halbsatz BPflV in der am 31.12.2003 geltenden Fassung)","Allgemeine Chirurgie"
"Allgemeine Chirurgie/Schwerpunkt Abdominal- und Gefäßchirurgie","Allgemeine Chirurgie"
"Allgemeine Chirurgie/Schwerpunkt Gefäßchirurgie","Allgemeine Chirurgie"
"Allgemeine Chirurgie/Schwerpunkt Handchirurgie","Allgemeine Chirurgie"
"Allgemeine Chirurgie/Schwerpunkt Kinderchirurgie","Allgemeine Chirurgie"
"Allgemeine Chirurgie/Schwerpunkt Plastische Chirurgie","Allgemeine Chirurgie"
"Allgemeine Chirurgie/Schwerpunkt Thoraxchirurgie","Allgemeine Chirurgie"
"Allgemeine Chirurgie/Schwerpunkt Unfallchirurgie","Allgemeine Chirurgie"
"Allgemeine Chirurgie/ohne Differenzierung nach Schwerpunkten (II)","Allgemeine Chirurgie"
"Allgemeine Chirurgie/ohne Differenzierung nach Schwerpunkten (III)","Allgemeine Chirurgie"
"Allgemeine Chirurgie/ohne Differenzierung nach Schwerpunkten (IV)","Allgemeine Chirurgie"
"Allgemeine Chirurgie/ohne Differenzierung nach Schwerpunkten (V)","Allgemeine Chirurgie"
"Allgemeine Chirurgie/ohne Differenzierung nach Schwerpunkten (VII)","Allgemeine Chirurgie"
"Allgemeine Psychiatrie/Nachtklinik (für teilstationäre Pflegesätze)","Psychiatrie"
"Angiologie","Angiologie"
"Augenheilkunde","Augenheilkunde"
"Augenheilkunde/ohne Differenzierung nach Schwerpunkten (II)","Augenheilkunde"
"Chirurgie/Schwerpunkt Orthopädie","Orthopädie"
"Dermatologie","Dermatologie"
"Dermatologie/Tagesklinik (für teilstationäre Pflegesätze)","Dermatologie"
"Dermatologie/ohne Differenzierung nach Schwerpunkten (III)","Dermatologie"
"Dermatologie/ohne Differenzierung nach Schwerpunkten (IV)","Dermatologie"
"Endokrinologie","Endokrinologie"
"Endokrinologie/ohne Differenzierung nach Schwerpunkten (III)","Endokrinologie"
"Frauenheilkunde","Frauenheilkunde"
"Frauenheilkunde und Geburtshilfe","Frauenheilkunde und Geburtshilfe"
"Frauenheilkunde und Geburtshilfe/ohne Differenzierung nach Schwerpunkten (II)","Frauenheilkunde und Geburtshilfe"
"Frauenheilkunde und Geburtshilfe/ohne Differenzierung nach Schwerpunkten (III)","Frauenheilkunde und Geburtshilfe"
"Frauenheilkunde/Schwerpunkt Endokrinologie","Frauenheilkunde"
"Frauenheilkunde/Schwerpunkt Hämatologie und internistische Onkologie","Frauenheilkunde"
"Gastroenterologie","Gastroenterologie"
"Gastroenterologie/ohne Differenzierung nach Schwerpunkten (II)","Gastroenterologie"
"Geburtshilfe","Geburtshilfe"
"Geburtshilfe/ohne Differenzierung nach Schwerpunkten (II)","Geburtshilfe"
"Gefäßchirurgie","Gefäßchirurgie"
"Geriatrie","Geriatrie"
"Geriatrie/Nachtklinik (für teilstationäre Pflegesätze)","Geriatrie"
"Geriatrie/Tagesklinik (für teilstationäre Pflegesätze)","Geriatrie"
"Geriatrie/ohne Differenzierung nach Schwerpunkten (II)","Geriatrie"
"Geriatrie/ohne Differenzierung nach Schwerpunkten (IV)","Geriatrie"
"Hals-, Nasen-, Ohrenheilkunde","HNO (Hals-Nasen-Ohrenheilkunde)"
"Hals-, Nasen-, Ohrenheilkunde/ohne Differenzierung nach Schwerpunkten (II)","HNO (Hals-Nasen-Ohrenheilkunde)"
"Hals-, Nasen-, Ohrenheilkunde/ohne Differenzierung nach Schwerpunkten (III)","HNO (Hals-Nasen-Ohrenheilkunde)"
"Herzchirurgie","Sonstige Fachabteilung"
"Herzchirurgie/Intensivmedizin (§ 13 Abs. 2 Satz 3 2. Halbsatz BPflV in der am 31.12.2003 geltenden Fassung)","Sonstige Fachabteilung"
"Herzchirurgie/Schwerpunkt Gefäßchirurgie","Sonstige Fachabteilung"
"Herzchirurgie/Schwerpunkt Thoraxchirurgie","Sonstige Fachabteilung"
"Herzchirurgie/ohne Differenzierung nach Schwerpunkten (II)","Sonstige Fachabteilung"
"Hämatologie und internistische Onkologie","Hämatologie und Onkologie"
"Hämatologie und internistische Onkologie/Schwerpunkt Pädiatrie","Hämatologie und Onkologie"
"Hämatologie und internistische Onkologie/ohne Differenzierung nach Schwerpunkten (II)","Hämatologie und Onkologie"
"Hämatologie und internistische Onkologie/ohne Differenzierung nach Schwerpunkten (IV)","Hämatologie und Onkologie"
"Innere Medizin","Innere Medizin"
"Innere Medizin/Schwerpunkt Diabetes","Innere Medizin"
"Innere Medizin/Schwerpunkt Endokrinologie","Innere Medizin"
"Innere Medizin/Schwerpunkt Gastroenterologie","Innere Medizin"
"Innere Medizin/Schwerpunkt Geriatrie","Innere Medizin"
"Innere Medizin/Schwerpunkt Hämatologie und internistische Onkologie","Innere Medizin"
"Innere Medizin/Schwerpunkt Infektionskrankheiten","Innere Medizin"
"Innere Medizin/Schwerpunkt Kardiologie","Innere Medizin"
"Innere Medizin/Schwerpunkt Lungen- und Bronchialheilkunde","Innere Medizin"
"Innere Medizin/Schwerpunkt Naturheilkunde","Innere Medizin"
"Innere Medizin/Schwerpunkt Nephrologie","Innere Medizin"
"Innere Medizin/Schwerpunkt Pneumologie","Innere Medizin"
"Innere Medizin/Schwerpunkt Rheumatologie","Innere Medizin"
"Innere Medizin/Schwerpunkt Schlaganfallpatienten","Innere Medizin"
"Innere Medizin/ohne Differenzierung nach Schwerpunkten (II)","Innere Medizin"
"Innere Medizin/ohne Differenzierung nach Schwerpunkten (III)","Innere Medizin"
"Innere Medizin/ohne Differenzierung nach Schwerpunkten (IV)","Innere Medizin"
"Innere Medizin/ohne Differenzierung nach Schwerpunkten (V)","Innere Medizin"
"Innere Medizin/ohne Differenzierung nach Schwerpunkten (VI)","Innere Medizin"
"Innere Medizin/ohne Differenzierung nach Schwerpunkten (VII)","Innere Medizin"
"Innere Medizin/ohne Differenzierung nach Schwerpunkten (VIII)","Innere Medizin"
"Innere Medizin/ohne Differenzierung nach Schwerpunkten (X)","Innere Medizin"
"Intensivmedizin","Intensivmedizin"
"Intensivmedizin/Schwerpunkt Chirurgie","Intensivmedizin"
"Intensivmedizin/Schwerpunkt Herzchirurgie","Intensivmedizin"
"Intensivmedizin/Schwerpunkt Innere Medizin","Intensivmedizin"
"Intensivmedizin/Schwerpunkt Kardiologie","Intensivmedizin"
"Intensivmedizin/Schwerpunkt Neurochirurgie","Intensivmedizin"
"Intensivmedizin/Schwerpunkt Neurologie","Intensivmedizin"
"Intensivmedizin/Schwerpunkt Pädiatrie","Intensivmedizin"
"Intensivmedizin/Schwerpunkt Urologie","Intensivmedizin"
"Intensivmedizin/Thorax-Herzchirurgie","Intensivmedizin"
"Intensivmedizin/ohne Differenzierung nach Schwerpunkten (II)","Intensivmedizin"
"Intensivmedizin/ohne Differenzierung nach Schwerpunkten (III)","Intensivmedizin"
"Intensivmedizin/ohne Differenzierung nach Schwerpunkten (IV)","Intensivmedizin"
"Intensivmedizin/ohne Differenzierung nach Schwerpunkten (V)","Intensivmedizin"
"Kardiologie","Kardiologie"
"Kardiologie/ohne Differenzierung nach Schwerpunkten (II)","Kardiologie"
"Kardiologie/ohne Differenzierung nach Schwerpunkten (III)","Kardiologie"
"Kardiologie/ohne Differenzierung nach Schwerpunkten (IV)","Kardiologie"
"Kinder- und Jugendpsychiatrie/Tagesklinik (für teilstationäre Pflegesätze)","Kinder- und Jugendpsychiatrie"
"Kinderchirurgie","Kinderchirurgie"
"Kinderchirurgie/ohne Differenzierung nach Schwerpunkten (II)","Kinderchirurgie"
"Kinderchirurgie/ohne Differenzierung nach Schwerpunkten (III)","Kinderchirurgie"
"Kinderkardiologie","Kinderkardiologie"
"Kinderkardiologie/Schwerpunkt Intensivmedizin","Kinderkardiologie"
"Lungen- und Bronchialheilkunde","Pneumologie"
"Lungen- und Bronchialheilkunde/ohne Differenzierung nach Schwerpunkten (II)","Pneumologie"
"Neonatologie","Neonatologie"
"Neonatologie/ohne Differenzierung nach Schwerpunkten (II)","Neonatologie"
"Nephrologie","Nephrologie"
"Nephrologie/ohne Differenzierung nach Schwerpunkten (II)","Nephrologie"
"Neurochirurgie","Neurochirurgie"
"Neurochirurgie/ohne Differenzierung nach Schwerpunkten (II)","Neurochirurgie"
"Neurochirurgie/ohne Differenzierung nach Schwerpunkten (III)","Neurochirurgie"
"Neurologie","Neurologie"
"Neurologie/Schwerpunkt Neurologische Frührehabilitation","Neurologie"
"Neurologie/Schwerpunkt Pädiatrie","Neurologie"
"Neurologie/Schwerpunkt Schlaganfallpatienten","Neurologie"
"Neurologie/ohne Differenzierung nach Schwerpunkten (II)","Neurologie"
"Neurologie/ohne Differenzierung nach Schwerpunkten (III)","Neurologie"
"Neurologie/ohne Differenzierung nach Schwerpunkten (IV)","Neurologie"
"Nuklearmedizin","Nuklearmedizin"
"Nuklearmedizin/ohne Differenzierung nach Schwerpunkten (II)","Nuklearmedizin"
"Operative Intensivmedizin/Schwerpunkt Chirurgie","Intensivmedizin"
"Orthopädie","Orthopädie"
"Orthopädie und Unfallchirurgie","Orthopädie und Unfallchirurgie"
"Orthopädie/Schwerpunkt Chirurgie","Orthopädie"
"Orthopädie/Schwerpunkt Rheumatologie","Orthopädie"
"Orthopädie/ohne Differenzierung nach Schwerpunkten (II)","Orthopädie"
"Orthopädie/ohne Differenzierung nach Schwerpunkten (III)","Orthopädie"
"Orthopädie/ohne Differenzierung nach Schwerpunkten (IV)","Orthopädie"
"Orthopädie/ohne Differenzierung nach Schwerpunkten (V)","Orthopädie"
"Palliativmedizin","Palliativmedizin"
"Plastische Chirurgie","Plastische Chirurgie"
"Plastische Chirurgie/ohne Differenzierung nach Schwerpunkten (II)","Plastische Chirurgie"
"Plastische Chirurgie/ohne Differenzierung nach Schwerpunkten (III)","Plastische Chirurgie"
"Plastische Chirurgie/ohne Differenzierung nach Schwerpunkten (IV)","Plastische Chirurgie"
"Pneumologie","Pneumologie"
"Pneumologie/ohne Differenzierung nach Schwerpunkten (II)","Pneumologie"
"Pneumologie/ohne Differenzierung nach Schwerpunkten (III)","Pneumologie"
"Pneumologie/ohne Differenzierung nach Schwerpunkten (IV)","Pneumologie"
"Psychosomatik/Psychotherapie/Tagesklinik (für teilstationäre Pflegesätze)","Psychosomatik"
"Pädiatrie","Pädiatrie"
"Pädiatrie/Schwerpunkt Gastroenterologie","Pädiatrie"
"Pädiatrie/Schwerpunkt Hämatologie und internistische Onkologie","Pädiatrie"
"Pädiatrie/Schwerpunkt Kinderkardiologie","Pädiatrie"
"Pädiatrie/Schwerpunkt Kinderneurologie","Pädiatrie"
"Pädiatrie/Schwerpunkt Lungen- und Bronchialheilkunde","Pädiatrie"
"Pädiatrie/Schwerpunkt Neonatologie","Pädiatrie"
"Pädiatrie/Schwerpunkt Nephrologie","Pädiatrie"
"Pädiatrie/Schwerpunkt Perinatalmedizin","Pädiatrie"
"Pädiatrie/Schwerpunkt Rheumatologie","Pädiatrie"
"Pädiatrie/ohne Differenzierung nach Schwerpunkten (II)","Pädiatrie"
"Pädiatrie/ohne Differenzierung nach Schwerpunkten (III)","Pädiatrie"
"Pädiatrie/ohne Differenzierung nach Schwerpunkten (IV)","Pädiatrie"
"Radiologie","Radiologie"
"Rheumatologie","Rheumatologie"
"Rheumatologie/ohne Differenzierung nach Schwerpunkten (III)","Rheumatologie"
"Schmerztherapie","Schmerztherapie"
"Schmerztherapie/Tagesklinik","Schmerztherapie"
"Sonstige Fachabteilung","Sonstige Fachabteilung"
"Sonstige Fachabteilung/ohne Differenzierung nach Schwerpunkten (II)","Sonstige Fachabteilung"
"Sonstige Fachabteilung/ohne Differenzierung nach Schwerpunkten (III)","Sonstige Fachabteilung"
"Sonstige Fachabteilung/ohne Differenzierung nach Schwerpunkten (IV)","Sonstige Fachabteilung"
"Sonstige Fachabteilung/ohne Differenzierung nach Schwerpunkten (IX)","Sonstige Fachabteilung"
"Sonstige Fachabteilung/ohne Differenzierung nach Schwerpunkten (V)","Sonstige Fachabteilung"
"Strahlenheilkunde","Strahlenheilkunde"
"Strahlenheilkunde/Schwerpunkt Hämatologie und internistische Onkologie","Strahlenheilkunde"
"Strahlenheilkunde/Schwerpunkt Radiologie","Strahlenheilkunde"
"Strahlenheilkunde/ohne Differenzierung nach Schwerpunkten (II)","Strahlenheilkunde"
"Strahlenheilkunde/ohne Differenzierung nach Schwerpunkten (III)","Strahlenheilkunde"
"Suchtmedizin","Suchtmedizin"
"Thoraxchirurgie","Thoraxchirurgie"
"Thoraxchirurgie/Schwerpunkt Herzchirurgie","Thoraxchirurgie"
"Thoraxchirurgie/ohne Differenzierung nach Schwerpunkten (II)","Thoraxchirurgie"
"Unfallchirurgie","Unfallchirurgie"
"Unfallchirurgie/ohne Differenzierung nach Schwerpunkten (II)","Unfallchirurgie"
"Unfallchirurgie/ohne Differenzierung nach Schwerpunkten (III)","Unfallchirurgie"
"Unfallchirurgie/ohne Differenzierung nach Schwerpunkten (IV)","Unfallchirurgie"
"Urologie","Urologie"
"Urologie/ohne Differenzierung nach Schwerpunkten (II)","Urologie"
"Urologie/ohne Differenzierung nach Schwerpunkten (III)","Urologie"
"Visceralchirurgie","Viszeralchirurgie"
"Weaningeinheit","Intensivmedizin"
"Wirbelsäulenchirurgie","Wirbelsäulenchirurgie"
"Zahn- und Kieferheilkunde, Mund- und Kieferchirurgie","Zahnmedizin"
"Zahn- und Kieferheilkunde, Mund- und Kieferchirurgie/ohne Differenzierung nach Schwerpunkten (II)","Zahnmedizin"
